<?xml version="1.0" encoding="UTF-8"?>
<project-private xmlns="http://www.netbeans.org/ns/project-private/1">
    <editor-bookmarks xmlns="http://www.netbeans.org/ns/editor-bookmarks/2" lastBookmarkId="0"/>
    <open-files xmlns="http://www.netbeans.org/ns/projectui-open-files/2">
        <group name="GRUP1">
            <file>file:/C:/Users/luudi/OneDrive/Máy%20tính/testtrongdem/src/view_2/THONGKEJPP.java</file>
            <file>file:/C:/Users/luudi/OneDrive/Máy%20tính/testtrongdem/src/DAO/ThongKeDAO.java</file>
            <file>file:/C:/Users/luudi/OneDrive/Máy%20tính/testtrongdem/src/view_2/MAIN.java</file>
            <file>file:/C:/Users/luudi/OneDrive/Máy%20tính/testtrongdem/src/view_2/DangNhap1.java</file>
        </group>
        <group/>
    </open-files>
</project-private>
